{
  "policies": {
    "DisablePocket": true,
    "DisableTelemetry": true,
    "DisableFirefoxStudies": true,
    "DNSOverHTTPS": {
      "Enabled": false
    },
    "CaptivePortal": false,
    "NetworkPrediction": false,
    "ExtensionSettings": {
      "uBlock0@raymondhill.net": {
        "install_url": "https://addons.mozilla.org/firefox/downloads/latest/ublock-origin/latest.xpi",
        "installation_mode": "normal_installed"
      }
    },
    "DisableFirefoxAccounts": true,
    "DisableFormHistory": true,
    "NewTabPage": false
  }
}